{"class_size":2,"n_sim":1000,"est_proba":0.004,"time":0.00013113021850585938}
{"class_size":2,"n_sim":10000,"est_proba":0.0023,"time":0.0006079673767089844}
{"class_size":2,"n_sim":100000,"est_proba":0.00278,"time":0.006349802017211914}
{"class_size":3,"n_sim":1000,"est_proba":0.008,"time":0.00021719932556152344}
{"class_size":3,"n_sim":10000,"est_proba":0.0089,"time":0.0011639595031738281}
{"class_size":3,"n_sim":100000,"est_proba":0.00783,"time":0.009922981262207031}
{"class_size":4,"n_sim":1000,"est_proba":0.017,"time":0.00024700164794921875}
{"class_size":4,"n_sim":10000,"est_proba":0.0172,"time":0.001444101333618164}
{"class_size":4,"n_sim":100000,"est_proba":0.0166,"time":0.012299776077270508}
{"class_size":5,"n_sim":1000,"est_proba":0.029,"time":0.0002460479736328125}
{"class_size":5,"n_sim":10000,"est_proba":0.03,"time":0.0017919540405273438}
{"class_size":5,"n_sim":100000,"est_proba":0.02688,"time":0.01759624481201172}
{"class_size":6,"n_sim":1000,"est_proba":0.034,"time":0.0003447532653808594}
{"class_size":6,"n_sim":10000,"est_proba":0.0387,"time":0.002003908157348633}
{"class_size":6,"n_sim":100000,"est_proba":0.03963,"time":0.021708011627197266}
{"class_size":7,"n_sim":1000,"est_proba":0.043,"time":0.0003211498260498047}
{"class_size":7,"n_sim":10000,"est_proba":0.0595,"time":0.00220489501953125}
{"class_size":7,"n_sim":100000,"est_proba":0.05663,"time":0.024169921875}
{"class_size":8,"n_sim":1000,"est_proba":0.063,"time":0.0003426074981689453}
{"class_size":8,"n_sim":10000,"est_proba":0.0742,"time":0.002257823944091797}
{"class_size":8,"n_sim":100000,"est_proba":0.07448,"time":0.03008580207824707}
{"class_size":9,"n_sim":1000,"est_proba":0.085,"time":0.0009341239929199219}
{"class_size":9,"n_sim":10000,"est_proba":0.1023,"time":0.0035371780395507812}
{"class_size":9,"n_sim":100000,"est_proba":0.09466,"time":0.032353878021240234}
{"class_size":10,"n_sim":1000,"est_proba":0.136,"time":0.0005040168762207031}
{"class_size":10,"n_sim":10000,"est_proba":0.1124,"time":0.0037078857421875}
{"class_size":10,"n_sim":100000,"est_proba":0.11743,"time":0.03611397743225098}
{"class_size":11,"n_sim":1000,"est_proba":0.157,"time":0.00043010711669921875}
{"class_size":11,"n_sim":10000,"est_proba":0.1384,"time":0.0035638809204101562}
{"class_size":11,"n_sim":100000,"est_proba":0.13984,"time":0.037943124771118164}
{"class_size":12,"n_sim":1000,"est_proba":0.174,"time":0.0004899501800537109}
{"class_size":12,"n_sim":10000,"est_proba":0.1746,"time":0.003979921340942383}
{"class_size":12,"n_sim":100000,"est_proba":0.16849,"time":0.04055333137512207}
{"class_size":13,"n_sim":1000,"est_proba":0.199,"time":0.00047779083251953125}
{"class_size":13,"n_sim":10000,"est_proba":0.1934,"time":0.004225015640258789}
{"class_size":13,"n_sim":100000,"est_proba":0.1932,"time":0.044068098068237305}
{"class_size":14,"n_sim":1000,"est_proba":0.232,"time":0.0005509853363037109}
{"class_size":14,"n_sim":10000,"est_proba":0.2225,"time":0.00449824333190918}
{"class_size":14,"n_sim":100000,"est_proba":0.22339,"time":0.048410892486572266}
{"class_size":15,"n_sim":1000,"est_proba":0.239,"time":0.0005540847778320312}
{"class_size":15,"n_sim":10000,"est_proba":0.2551,"time":0.00480198860168457}
{"class_size":15,"n_sim":100000,"est_proba":0.24953,"time":0.05869102478027344}
{"class_size":16,"n_sim":1000,"est_proba":0.257,"time":0.0006227493286132812}
{"class_size":16,"n_sim":10000,"est_proba":0.2818,"time":0.00494837760925293}
{"class_size":16,"n_sim":100000,"est_proba":0.28498,"time":0.0584561824798584}
{"class_size":17,"n_sim":1000,"est_proba":0.349,"time":0.0007998943328857422}
{"class_size":17,"n_sim":10000,"est_proba":0.3192,"time":0.005756855010986328}
{"class_size":17,"n_sim":100000,"est_proba":0.31521,"time":0.0672140121459961}
{"class_size":18,"n_sim":1000,"est_proba":0.341,"time":0.0006988048553466797}
{"class_size":18,"n_sim":10000,"est_proba":0.352,"time":0.005925178527832031}
